﻿<?xml version="1.0" encoding="utf-8"?>
<schedule>
  <programs>
    <!-- Personnel -->
    <program id="Hp16mp" description="Staff Movement Posting"/>
    <program id="Hp14tp" description="Staff Termination Posting"/>
    <!-- Payroll -->
    <program id="Hp26ps" description="Salary Adjustment Posting"/>
    <program id="Hp43ps" description="Salary Advice (Email)"/>
    <program id="Hp43gs" description="Salary Advice Generation"/>
    <!-- Taxation -->
    <program id="Hp44bg" description="IR56B PDF File Generation"/>
    <!-- RSE -->
    <program id="Hp08rc" description="RSE Calculation"/>
    <!-- Leave -->
    <program id="Hp77gb" description="Monthly Leave Balance Generation"/>
    <program id="Hp72wf" description="E-Leave Breakdown Process"/>
    <!-- Utilities - Reminder -->
    <program id="Hp37cg" description="Calendar Event Generation"/>
    <program id="Hp37sp" description="Send Reminder Process"/>
    <!-- Utilities - Approval -->
    <program id="Hp37ed" description="Approval Send Daily Digest"/>
    <program id="Hp37ar" description="Approval Activity Expiration Scheduler"/>
    <program id="Hp38ra" description="Current Approvers Update"/>
    <!-- Utilities - WorkFlow -->
    <!--
    Workflow Send New Daily Digest
    Workflow Send Reminder Daily Digest
    WorkFlow Activity Expiration Scheduler
    -->
    <!-- Utilities - Cost Allocation -->
    <program id="Hp15ac2" description="Cost Allocation Calculation"/>
    <!-- Reports -->
    <program id="Hr99al" description="System Log Report"/>
    <!-- Users -->
    <program id="Hp13ug" description="Schedule User Privilege Update"/>
    <program id="Hu20at" description="Create/Re-Build Staff As At Record"/>
    <program id="Hp08ag" description="Payroll Amount Group Sum Calculation"/>

    <!--Staff SH PH Balance Generation-->
    <program id ="Hp72bg" description="Staff SH PH Balance Generation" />
    
    <!--SAL Daily Spilt And Leave Adjustment-->
    <program id ="Hp79sl" description="SAL Daily Spilt And Leave Adjustment" />

    <!--Zip IO Log-->
    <program id ="Tu03il" description="Zip IO Log" />
    
    <program id ="Hu01mc" description="Staff Termination Machine Learning Data Generator" />
	
	    <!--Future Pay Generation-->
    <program id ="Hp04fp" description="Future Pay Generation" />
	
	<!--Attendance & Leave; Newly-add on 2018-10-22-->
	<program id ="hp01sh" description="Holiday Generation" />	
	<program id ="hp84rg" description="Roster Generation" />
	<program id ="hp86ar2" description="Refresh Attendance Record" />
	<program id ="HP72EA" description="E-leave Inquiry and Approval" />
	
    <!--Clear Server Temp Data Utillity-->
    <program id ="Hu99dt" description="Clear Server Temp Data Utillity" />
	
	<!--Mask Terminated Staff-->
    <program id ="Hp01mt" description="Mask Terminated Staff" />
  </programs>
</schedule>
